{"train/dorf/weight_min":1,"train/dorf/mean_sample_weight":1,"train/episodes":12.852350392189129,"train/total_dorf_loss":0,"train/epochs":0.007591465086939828,"train/dorf/max_sample_weight":1,"train/grad_norm":0.5699994564056396,"train/online_dorf_loss":0.802342414855957,"train/critic_loss":0.32457607984542847,"_step":519,"_timestamp":1.7780399244756157e+09,"train/update_s":0.22512171603739262,"train/num_good":281,"_runtime":48759.18247741,"train/dataloading_s":85.17036045808345,"_wandb":{"runtime":48759},"train/margin":0,"train/loss":0.08867517113685608,"train/lr":1e-05,"train/samples":2076,"train/steps":519,"train/true_reward":4,"train/expert_dorf_loss":0.001598869333975017}