{"train/steps":152,"train/episodes":3.7640794982904575,"train/dorf/weight_min":1,"train/epochs":0.0022233192547492365,"train/online_dorf_loss":0.4888811707496643,"train/critic_loss":0.21347053349018097,"train/dataloading_s":79.13938796706498,"_timestamp":1.7764174405528693e+09,"train/loss":0.0723583996295929,"train/dorf/max_sample_weight":1,"train/samples":608,"train/num_good":219,"_runtime":15244.707823704,"_step":152,"train/expert_dorf_loss":0.016094975173473358,"train/lr":1e-05,"_wandb":{"runtime":15244},"train/update_s":0.22621145518496633,"train/grad_norm":0.4986351430416107,"train/dorf/mean_sample_weight":1}