{"_runtime":827.118434773,"train/total_dorf_loss":0,"train/epochs":4.388130108057704e-05,"train/samples":12,"train/steps":3,"train/dorf/weight_min":1,"train/loss":0.060224927961826324,"train/lr":1e-05,"train/critic_loss":0.4259083867073059,"train/dataloading_s":76.35671722050756,"train/online_dorf_loss":2.7039012908935547,"train/dorf/max_sample_weight":1,"train/expert_dorf_loss":0.8814473152160645,"train/num_good":369,"train/episodes":0.07429104272941693,"train/grad_norm":0.7178211212158203,"_timestamp":1.7779916746395912e+09,"train/update_s":0.19394796155393124,"_step":3,"train/dorf/mean_sample_weight":1,"train/true_reward":4,"_wandb":{"runtime":827}}