{"train/dorf/max_sample_weight":1.8181818723678589,"_timestamp":1.778234096043418e+09,"train/grad_norm":0.6808416247367859,"train/dataloading_s":141.25481199317923,"train/update_s":0.2646169988438487,"train/lr":1e-05,"_runtime":23154.686111695,"train/loss":0.0790383592247963,"train/dorf/weight_min":0.7272727489471436,"train/critic_loss":0.5531085729598999,"train/steps":216,"train/episodes":5.348955076518019,"_wandb":{"runtime":23154},"train/epochs":0.0031594536778015467,"train/expert_dorf_loss":0.00771035673096776,"train/true_reward":4,"train/dorf/mean_sample_weight":1,"train/online_dorf_loss":1.2170023918151855,"train/num_good":482,"train/samples":864,"_step":216,"train/margin":0,"train/total_dorf_loss":1.7778213024139404}