{"train/grad_norm":1.451371431350708,"train/dorf/total_loss":-1568.6744384765625,"_step":61,"train/loss":0.15256428718566895,"train/critic_loss":0.006372269708663225,"train/steps":61,"_wandb":{"runtime":14912},"train/dorf/critic_loss":0.006372269708663225,"_timestamp":1.7750298729718482e+09,"train/lr":1e-05,"train/dataloading_s":84.6050592479296,"train/dorf_loss":-1568.6744384765625,"train/update_s":0.23236547503620386,"train/epochs":0.0017845062439434663,"train/episodes":3.0211690709962884,"train/samples":488,"_runtime":14912.571889205,"train/good_samples_ratio":1}