{"train/dorf/mean_sample_weight":1,"train/steps":1,"train/num_good":612,"train/episodes":0.024763680909805644,"train/grad_norm":0.6539064049720764,"train/epochs":1.4627100360192346e-05,"train/online_dorf_loss":1.510750412940979,"train/critic_loss":2.9537534713745117,"_wandb":{"runtime":513},"_runtime":513.302426047,"_timestamp":1.7764024356504524e+09,"_step":1,"train/samples":4,"train/update_s":0.27883082209154963,"train/dataloading_s":134.981756598223,"train/dorf/weight_min":1,"train/loss":0.06522416323423386,"train/expert_dorf_loss":1.0436394214630127,"train/dorf/max_sample_weight":1,"train/lr":1e-05}