{"_timestamp":1.7751890309625134e+09,"train/dataloading_s":121.0484615927562,"train/dorf/critic_loss":0.030130505561828613,"_step":59,"train/loss":0.1391674280166626,"_wandb":{"runtime":8407},"train/samples":472,"train/episodes":2.922114347357066,"train/dorf_loss":0.2656862139701843,"train/steps":59,"train/grad_norm":0.6346575617790222,"train/dorf/total_loss":0.2656862139701843,"train/update_s":0.25219458481296897,"train/good_samples_ratio":1,"_runtime":8407,"train/critic_loss":0.030130505561828613,"train/lr":1e-05,"train/epochs":0.001725997842502697}