{"train/dorf/learned_reward_score_std":0.9999991655349731,"eval/samples":800,"train/returns_target_std":0.15527688954025506,"eval/epochs":0.002925420072038469,"train/total_dorf_loss":0.06333585381507874,"train/samples":800,"train/lr":1e-05,"train/dorf/lambda_critic":0.2,"train/value_target_mse":0.005705990988644771,"train/dorf/selection_threshold":1.0009227991104126,"train/dorf/value_mean":0.10674186795949936,"train/learned_reward_mean":0.9809274435043336,"train/margin":0.3477948188781738,"train/num_good":122.2,"train/loss":0.05935552343726158,"train/dorf/A_true_mean":-0.004021976143121719,"train/dorf/reward_grad_norm":0.4677799344062805,"train/dorf/critic_margin":0.8566626310348511,"eval/episodes":4.952736181961129,"train/dorf/value_std":0.13413006067276,"train/dorf/max_sample_weight":1,"train/train/rollout_success_rate":0.0008928571478463709,"train/online_weight_max":1,"train/epochs":0.002925420072038469,"train/critic_loss":0.005705990988644771,"train/A_true_std":0.06712683979421855,"train/learned_reward_std":0.012084516696631908,"train/A_learned_mean":13.45061149597168,"train/dorf/learned_reward_score_mean":-4.3153763726877514e-06,"eval/pc_success":73,"train/online_dorf_loss":1.5849897146224976,"train/dorf/vla_updating":0,"train/alpha":0.39,"train/grad_norm":0.6769558747609457,"eval/avg_sum_reward":0.73,"train/critic_grad_norm":0.20233168303966523,"train/dorf/critic_grad_norm":0.1027391105890274,"train/dorf/A_true_std":0.07961732149124146,"train/dorf/learned_reward_mean":0.96995609998703,"train/expert_dorf_loss":0.0003425223447266035,"_timestamp":1.7795438164508264e+09,"train/dataloading_s":129.03635201801856,"train/dorf/online_weight_max":1,"train/online_candidates":122.2,"train/returns_target_mean":0.10240663513541222,"train/reward_grad_norm":0.3903024420142174,"train/selected_steps":0,"train/dorf/online_weight_mean":1,"train/dorf/A_learned_mean":14.763724327087402,"train/dorf/lambda_online":0.1,"_step":200,"train/policy_grad_norm":0.6769558747609457,"train/dorf/online_reward_target_mean":-0.050000011920928955,"_runtime":35383,"train/dorf/online_candidates":70,"train/online_weight_mean":1,"train/dorf/lambda_expert":1,"train/episodes":4.952736181961129,"train/A_true_mean":0.010854215733706951,"train/online_mix_ratio":0,"train/value_mean":0.09248925037682056,"train/dorf/returns_target_std":0.13764820992946625,"train/dorf/stage":2,"train/dorf/reward_margin":0.8566626310348511,"train/dorf/learned_reward_std":0.009811412543058395,"train/dorf/value_target_mse":0.006307165138423443,"train/dorf/online_loss":1.8817938566207888,"train/dorf/mean_sample_weight":1,"eval/eval_s":14548.375655889511,"train/policy/grad_norm":0.5070832967758179,"train/dorf/total_loss":0.07648798078298569,"train/dorf/weight_min":1,"train/dorf/online_mix_ratio":0,"train/policy_updates_enabled":1,"train/dorf/A_learned_std":3.7922730445861816,"train/policy/updates_enabled":1,"train/steps":200,"eval/steps":200,"train/stage":2,"train/dorf/critic_loss":0.006307165138423443,"train/A_learned_std":5.123687982559204,"train/dorf/returns_target_mean":0.1019911766052246,"train/dorf/online_loss_weight":0.39666666666666667,"_wandb":{"runtime":35383},"train/update_s":0.21795631504307192,"train/true_reward":1.8,"train/value_std":0.1380318019539118,"train/dorf/selected_steps":0,"train/dorf/online_reward_target_std":1.0082054138183594}