{"train/lr":1e-05,"train/dorf/total_loss":0,"train/good_samples_ratio":0.42678571428571427,"train/online_dorf_loss":0.2983735203742981,"train/samples":592,"_wandb":{"runtime":8050},"train/epochs":0.0021648108533084674,"train/update_s":0.2524359179660678,"train/critic_loss":0.0060499380342662334,"_step":74,"train/steps":74,"train/loss":0.1417514532804489,"train/dorf/critic_loss":0.0060499380342662334,"train/rollout/true_reward_sum":0,"train/expert_dorf_loss":3.0652365684509277,"train/episodes":3.665024774651235,"train/grad_norm":0.5257432460784912,"_timestamp":1.7762371262023056e+09,"train/dataloading_s":131.81428713630885,"_runtime":8050.371693388}