{"train/grad_norm":0.6346575617790222,"train/dorf_loss":0.2656862139701843,"train/critic_loss":0.030130505561828613,"_step":59,"_wandb":{"runtime":7444},"train/dataloading_s":121.0484615927562,"train/samples":472,"train/dorf/critic_loss":0.030130505561828613,"train/epochs":0.001725997842502697,"train/loss":0.1391674280166626,"_runtime":7444,"train/dorf/total_loss":0.2656862139701843,"_timestamp":1.7751890309625134e+09,"train/good_samples_ratio":1,"train/lr":1e-05,"train/episodes":2.922114347357066,"train/steps":59,"train/update_s":0.25219458481296897}