{"train/dorf/max_sample_weight":2.5,"train/dorf/mean_sample_weight":1,"train/dataloading_s":129.59112424962223,"train/samples":2448,"_timestamp":1.777359840749415e+09,"train/dorf/weight_min":0.5,"train/online_dorf_loss":0.8238681554794312,"train/epochs":0.008951785420437716,"_wandb":{"runtime":62192},"_step":612,"_runtime":62192.530320553,"train/expert_dorf_loss":0.006921436171978712,"train/num_good":493,"train/loss":0.12236907333135605,"train/episodes":15.155372716801054,"train/true_reward":4,"train/lr":1e-05,"train/steps":612,"train/grad_norm":0.8375665545463562,"train/update_s":0.2133788550272584,"train/critic_loss":0.5404775142669678}