{"train/critic_loss":3.14249587059021,"train/num_good":377,"train/dorf/weight_min":1,"_wandb":{"runtime":476},"train/total_dorf_loss":0,"train/loss":0.12251326441764832,"train/margin":0,"_step":3,"train/online_dorf_loss":2.5717148780822754,"train/steps":3,"train/expert_dorf_loss":0.8886429071426392,"train/grad_norm":0.9765372276306152,"_runtime":476.295816245,"train/dataloading_s":84.57238871821512,"train/episodes":0.07429104272941693,"train/samples":12,"train/dorf/max_sample_weight":1,"train/update_s":0.21653667030235133,"train/true_reward":4,"_timestamp":1.7780648248368714e+09,"train/dorf/mean_sample_weight":1,"train/epochs":4.388130108057704e-05,"train/lr":1e-05}