{"train/dataloading_s":119.5938267186284,"train/dorf/weight_min":0.5,"train/dorf/max_sample_weight":2.5,"train/epochs":0.009697767538807526,"train/expert_dorf_loss":0.010262173600494862,"_wandb":{"runtime":66833},"_step":663,"train/loss":0.18410661816596985,"train/steps":663,"train/num_good":271,"train/dorf/mean_sample_weight":1,"train/online_dorf_loss":0.05118495598435402,"train/samples":2652,"train/episodes":16.41832044320114,"train/critic_loss":0.3290429711341858,"train/lr":1e-05,"_timestamp":1.7771045434060857e+09,"_runtime":66833.17168924,"train/update_s":0.2208254411816597,"train/grad_norm":2.104997396469116}