{"train/episodes":3.7145521364708465,"_wandb":{"runtime":8472},"train/expert_dorf_loss":0.4708234667778015,"_timestamp":1.7762232662618744e+09,"train/epochs":0.002194065054028852,"train/dataloading_s":126.83115697279572,"train/samples":600,"train/loss":0.24278445541858673,"train/steps":75,"train/grad_norm":1.0208746194839478,"train/critic_loss":0.00024504843167960644,"train/online_dorf_loss":0.012429174035787582,"train/update_s":0.24768584920093417,"train/dorf/critic_loss":0.00024504843167960644,"train/dorf/total_loss":0,"train/lr":1e-05,"train/rollout/true_reward_sum":0,"_step":75,"_runtime":8472.232371123,"train/good_samples_ratio":0.7044642857142858}