{"train/lr":1e-05,"_runtime":1053,"train/critic_loss":0.8053665161132812,"train/dataloading_s":116.20306082535537,"train/epochs":2.925420072038469e-05,"_step":2,"train/steps":2,"train/grad_norm":0.4139356911182403,"train/expert_dorf_loss":0.964999496936798,"train/loss":0.049808889627456665,"train/update_s":0.20581889245659113,"train/true_reward":3,"train/dorf/max_sample_weight":1,"_wandb":{"runtime":1053},"train/episodes":0.04952736181961129,"_timestamp":1.7779915980810716e+09,"train/online_dorf_loss":1.4594879150390625,"train/dorf/mean_sample_weight":1,"train/num_good":448,"train/samples":8,"train/dorf/weight_min":1,"train/total_dorf_loss":0}