{"train/online_weight_max":1,"train/dorf/online_weight_mean":1,"_timestamp":1.779125409577664e+09,"train/dorf/A_true_mean":0.11322041600942612,"train/dorf/total_loss":0.05272410809993744,"train/dorf/returns_target_mean":0.09791409224271774,"train/value_std":0.0041466471273452045,"train/value_mean":-0.01517312964424491,"train/alpha":0.38166666666666665,"train/online_weight_mean":1,"train/returns_target_mean":0.0747379019856453,"train/policy_grad_norm":0,"train/A_true_mean":0.08987970873713494,"train/total_dorf_loss":0.055432377755641936,"train/dorf/vla_updating":0,"train/dorf/value_target_mse":0.058863528072834015,"train/dorf/A_learned_mean":14.616594314575195,"train/A_true_std":0.18957263752818107,"train/dorf/online_reward_target_mean":0.10000000149011612,"train/dorf/online_loss_weight":0.39666666666666667,"train/dorf/lambda_online":0.1,"train/grad_norm":0,"_step":200,"train/dorf/learned_reward_mean":0.9995505809783936,"train/policy/updates_enabled":0,"train/dorf/returns_target_std":0.21241173148155212,"train/margin":0.9595647811889648,"train/dorf/critic_loss":0.058863528072834015,"train/dorf/value_std":0.0037709781900048256,"train/learned_reward_mean":1.000660139322281,"train/stage":2,"train/dorf/learned_reward_score_std":0.9999995827674866,"train/A_learned_mean":13.439541149139403,"train/dorf/stage":2,"train/dorf/online_weight_max":1,"train/samples":800,"train/dorf/online_reward_target_std":1,"train/dorf/reward_margin":1.0563403367996216,"train/num_good":169,"train/learned_reward_std":0.00980891678482294,"train/selected_steps":0,"train/dorf/lambda_critic":0,"_runtime":22169,"train/online_mix_ratio":0,"train/critic_grad_norm":0,"train/dorf/critic_grad_norm":0,"train/A_learned_std":5.275783133506775,"train/reward_grad_norm":0.6621994882822037,"train/loss":0,"train/online_dorf_loss":1.4409962892532349,"train/expert_dorf_loss":0.0004569424265355338,"train/dorf/online_candidates":154,"train/train/rollout_success_rate":0.006493506487458944,"train/critic_loss":0.0459449328482151,"train/dataloading_s":99.43581882224728,"train/dorf/selection_threshold":0.30032941699028015,"train/dorf/reward_grad_norm":0.7984403371810913,"train/online_candidates":169,"train/policy_updates_enabled":0,"train/policy/grad_norm":0,"train/update_s":0,"train/epochs":0.002925420072038469,"train/returns_target_std":0.18721906691789628,"train/dorf/lambda_expert":1,"_wandb":{"runtime":22169},"train/value_target_mse":0.0459449328482151,"train/lr":0,"train/episodes":4.952736181961129,"train/dorf/critic_margin":1.0563403367996216,"train/dorf/learned_reward_score_mean":7.802789696143009e-06,"train/dorf/value_mean":-0.015343970619142056,"train/dorf/online_loss":1.3145568370819092,"train/dorf/learned_reward_std":0.007122275419533253,"train/dorf/A_true_std":0.21475674211978912,"train/true_reward":3.6,"train/dorf/A_learned_std":4.041952610015869,"train/dorf/online_mix_ratio":0,"train/steps":200,"train/dorf/selected_steps":0}