{"train/reward_grad_norm":0.2107557937502861,"_wandb":{"runtime":17589},"train/grad_norm":0,"train/dorf/A_true_std":0.14729464054107666,"train/dorf/online_loss_weight":0.069,"train/num_good":175,"train/steps":150,"train/update_s":0,"train/dorf/returns_target_std":0.14538519084453583,"train/dorf/vla_updating":0,"train/policy/grad_norm":0,"train/online_dorf_loss":1.887020742893219,"train/dorf/A_learned_std":7.3709492683410645,"train/policy_updates_enabled":0,"train/dorf/lambda_expert":1,"train/critic_loss":0.03322830460965633,"train/returns_target_std":0.16093382611870766,"train/online_candidates":175,"train/true_reward":3.1,"train/margin":1.1004026889801026,"train/total_dorf_loss":0.0007330929525778629,"train/dorf/A_learned_mean":10.996395111083984,"train/epochs":0.002194065054028852,"train/value_mean":-0.014419002644717693,"train/dorf/critic_loss":0.024363217875361443,"train/A_learned_mean":12.661697006225586,"_timestamp":1.779103342714191e+09,"train/dorf/lambda_critic":0,"train/alpha":0.0645,"train/dorf/online_weight_mean":1,"train/learned_reward_std":0.015307211317121983,"train/dorf/stage":2,"train/expert_dorf_loss":0.0007330929525778629,"train/train/rollout_success_rate":0.0026785715017467737,"train/dorf/learned_reward_score_mean":-1.2091228427379974e-06,"train/dorf/learned_reward_mean":1.027834177017212,"train/dorf/value_mean":-0.01399740669876337,"train/dorf/selection_threshold":0.8869797587394714,"train/selected_steps":0,"train/learned_reward_mean":1.0213747143745422,"train/dorf/value_std":0.0036966889165341854,"train/dorf/online_reward_target_mean":0.04999999329447746,"train/dorf/lambda_online":0,"train/online_weight_max":1,"train/dorf/learned_reward_score_std":0.999999463558197,"train/dorf/total_loss":0.00020136487728450447,"train/online_weight_mean":1,"train/episodes":3.7145521364708465,"train/dorf/online_reward_target_std":1.006325364112854,"train/dorf/online_weight_max":1,"train/A_true_mean":0.06705452986061573,"train/dorf/critic_margin":1.423296570777893,"train/samples":600,"train/A_true_std":0.1629570744931698,"train/dorf/selected_steps":0,"train/dorf/reward_grad_norm":0.14536051452159882,"train/policy_grad_norm":0,"train/dataloading_s":123.84677671060587,"train/dorf/critic_grad_norm":0,"_step":150,"train/dorf/online_candidates":210,"train/lr":0,"train/A_learned_std":6.2132447242736815,"train/policy/updates_enabled":0,"train/dorf/reward_margin":1.423296570777893,"train/loss":0,"train/dorf/online_loss":1.8165061473846436,"train/online_mix_ratio":0,"train/returns_target_mean":0.052658078633248805,"train/value_std":0.003797963843680918,"train/critic_grad_norm":0,"train/dorf/A_true_mean":0.051845960319042206,"_runtime":17589.765142894,"train/dorf/returns_target_mean":0.037862151861190796,"train/stage":2,"train/dorf/learned_reward_std":0.017339492216706276,"train/value_target_mse":0.03322830460965633,"train/dorf/value_target_mse":0.024363217875361443,"train/dorf/online_mix_ratio":0}