{"train/epochs":0.00014627100360192346,"train/dorf/learned_reward_score_std":0.9999992847442627,"train/stage":1,"train/A_learned_std":1.5274937748908997,"train/dorf/selection_threshold":0.9257801175117493,"train/dorf/returns_target_mean":0.03832576796412468,"train/online_dorf_loss":1.9189140796661377,"train/value_std":0.0040032644756138325,"train/A_true_std":0.17797213792800903,"train/dorf/weight_min":1,"train/lr":1e-05,"train/expert_dorf_loss":0.583930641412735,"train/dorf/A_learned_mean":2.8246068954467773,"train/online_mix_ratio":0,"train/dorf/A_true_std":0.14727024734020233,"train/policy_updates_enabled":1,"train/dorf/learned_reward_score_mean":-5.99452448568627e-07,"train/dorf/critic_grad_norm":0,"_wandb":{"runtime":1163},"train/critic_loss":0.039507768116891384,"train/steps":10,"train/dorf/value_std":0.004168308340013027,"train/dorf/lambda_online":0,"train/loss":0.1169443130493164,"train/online_candidates":188,"train/true_reward":3.5,"train/critic_grad_norm":0,"train/alpha":0,"train/selected_steps":0,"train/online_weight_max":1,"train/dorf/online_reward_target_mean":0.049999989569187164,"train/reward_grad_norm":4.615795612335205,"train/policy/updates_enabled":1,"train/dorf/vla_updating":0,"train/A_learned_mean":3.0390172004699707,"train/dorf/critic_loss":0,"train/value_mean":-0.014641312882304192,"train/dorf/selected_steps":0,"train/value_target_mse":0.039507768116891384,"train/update_s":0.21064811944961548,"_runtime":1163.943924625,"train/dorf/value_mean":-0.013623535633087158,"train/dorf/learned_reward_mean":0.2739788293838501,"train/online_weight_mean":1,"train/dorf/max_sample_weight":1,"train/returns_target_std":0.17584219574928284,"train/dorf/critic_margin":1.0983930826187134,"train/dorf/lambda_expert":1,"train/policy_grad_norm":0.7923031946023306,"train/dorf/total_loss":0.5492335557937622,"train/dorf/online_loss_weight":0,"train/dorf/reward_grad_norm":4.839542865753174,"train/learned_reward_mean":0.2524138316512108,"train/dorf/reward_margin":1.0983930826187134,"train/dorf/returns_target_std":0.14524218440055847,"train/dorf/online_candidates":210,"train/dorf/online_weight_mean":1,"train/dorf/A_true_mean":0.051938220858573914,"train/dorf/value_target_mse":0.024365970864892006,"train/samples":40,"_timestamp":1.7792627631658041e+09,"train/total_dorf_loss":0.583930641412735,"train/learned_reward_std":0.010838597547262907,"train/dorf/A_learned_std":1.9714938402175903,"train/returns_target_mean":0.06420496292412281,"train/dorf/online_weight_max":1,"train/dorf/learned_reward_std":0.013360653072595596,"train/dorf/online_reward_target_std":1.006325364112854,"train/dorf/lambda_critic":0,"train/train/rollout_success_rate":0.0026785715017467737,"train/dataloading_s":103.57500473580633,"train/num_good":188,"train/dorf/mean_sample_weight":1,"train/grad_norm":0.7923031946023306,"train/dorf/stage":1,"train/episodes":0.24763680909805644,"train/policy/grad_norm":0.7739264965057373,"train/margin":0.9290328025817871,"train/A_true_mean":0.07882435247302055,"train/dorf/online_mix_ratio":0,"train/dorf/online_loss":0,"_step":10}