{"train/lr":1e-05,"train/dataloading_s":86.22083907620981,"train/good_samples_ratio":1,"train/epochs":0.0017552520432230815,"train/dorf_loss":-0.42020341753959656,"train/critic_loss":0.012604132294654846,"train/update_s":0.22708845185115933,"_step":60,"train/dorf/critic_loss":0.012604132294654846,"train/grad_norm":0.6103774905204773,"train/samples":480,"train/dorf/total_loss":-0.42020341753959656,"_wandb":{"runtime":6006},"_runtime":6006.863579823,"train/steps":60,"_timestamp":1.775189117515913e+09,"train/episodes":2.971641709176677,"train/loss":0.1207379624247551}