{"train/dorf/vla_updating":1,"train/dorf/learned_reward_score_std":0.999998927116394,"train/dorf/weight_min":1,"train/dorf/online_loss_weight":1,"train/dataloading_s":119.96613024491816,"train/returns_target_std":0.24048362970352172,"train/critic_loss":0.010582976788282395,"train/A_true_mean":-0.0030344864819198845,"train/dorf/A_true_mean":-0.023092936724424362,"train/policy_updates_enabled":1,"eval/eval_s":13987.308387517929,"train/expert_dorf_loss":0.001017449249047786,"train/dorf/selected_steps":0,"train/dorf/lambda_expert":1,"train/selected_steps":0,"train/grad_norm":0.7150387644767762,"train/dorf/learned_reward_mean":0.9607161283493042,"_runtime":72048.944793761,"train/dorf/online_weight_max":1,"train/dorf/critic_loss":0.016890477389097214,"train/policy/updates_enabled":1,"eval/samples":1600,"train/epochs":0.005997111147678862,"train/dorf/mean_sample_weight":1,"eval/epochs":0.005850840144076938,"train/dorf/reward_margin":0.6994585394859314,"train/dorf/total_loss":0.12729696929454803,"train/reward_grad_norm":2.693849802017212,"train/value_target_mse":0.010582976788282395,"train/dorf/A_true_std":0.12889303267002106,"train/dorf/value_mean":0.18156683444976807,"train/episodes":10.153109173020313,"train/dorf/online_reward_target_mean":0.04999999329447746,"train/value_std":0.22030566036701202,"train/dorf/reward_grad_norm":1.4015021324157715,"train/dorf/lambda_critic":0.2,"train/dorf/online_weight_mean":1,"train/A_true_std":0.09647648185491561,"_wandb":{"runtime":72048},"train/total_dorf_loss":0.112868632376194,"train/A_learned_mean":12.33604564666748,"eval/steps":400,"train/dorf/online_candidates":210,"train/policy_grad_norm":0.7150387644767762,"train/policy/grad_norm":0.6398741602897644,"train/dorf/A_learned_mean":10.530959129333496,"train/online_mix_ratio":0.13783333333333334,"train/learned_reward_mean":0.995680320262909,"train/stage":2.8,"train/learned_reward_std":0.010458401776850224,"train/dorf/learned_reward_score_mean":3.354889940965222e-06,"train/true_reward":2.8,"train/update_s":0.2170392818748951,"eval/avg_sum_reward":0.758,"eval/episodes":9.905472363922257,"train/loss":0.05569282919168472,"train/A_learned_std":6.362685203552246,"train/samples":1640,"train/dorf/A_learned_std":6.899505615234375,"train/returns_target_mean":0.18979927897453308,"train/dorf/value_target_mse":0.016890477389097214,"train/online_weight_max":1,"train/dorf/returns_target_mean":0.15702925622463226,"train/dorf/critic_grad_norm":0.2728300094604492,"train/online_dorf_loss":1.0973458766937256,"train/dorf/critic_margin":0.6994585394859314,"_timestamp":1.7795837253731973e+09,"train/margin":0.2966241717338562,"train/dorf/max_sample_weight":1,"train/dorf/learned_reward_std":0.009844700805842876,"train/dorf/returns_target_std":0.23617075383663177,"train/dorf/selection_threshold":0.39835628867149353,"train/num_good":172.8,"train/dorf/online_loss":1.2363111972808838,"train/train/rollout_success_rate":0.0026785715017467737,"train/critic_grad_norm":0.3257764108479023,"train/value_mean":0.19454610645771026,"_step":410,"train/online_weight_mean":1,"train/dorf/online_reward_target_std":1.006325602531433,"train/dorf/value_std":0.2088661938905716,"train/steps":410,"train/dorf/lambda_online":0.1,"eval/pc_success":75.8,"train/dorf/online_mix_ratio":0.17416666666666666,"train/lr":1e-05,"train/alpha":1,"train/online_candidates":172.8,"train/dorf/stage":3}